Label,F0(pitch),F1,F2,F3,F4,F5
BYJ,,934.4561375,1867.766912,2958.658056,4026.961381,
BYJ,,1338.936874,2694.203872,2875.547156,4229.574451,
BYJ,,1160.135803,2144.572867,3476.990084,4433.055683,
BYJ,,211.2032602,1472.209366,2708.645128,3839.022388,
BYJ,,381.1499334,1721.053643,2682.587186,3957.900682,
BYJ,,640.7514303,1387.361116,2916.241568,4164.694899,
BYJ,,499.9872538,1652.379036,2840.16749,3796.472458,4815.684269
BYJ,,1214.273346,2321.500158,3035.872312,4185.431481,
BYJ,,1189.748058,2450.257968,3604.547847,4870.863185,
BYJ,,293.5402387,1454.13,2067.165129,3483.73933,5101.26026
BYJ,245.4040842,578.2897947,2333.981464,2953.908025,4214.183481,
BYJ,216.5470205,496.669979,2437.91693,2775.162397,3070.610767,4285.332322
BYJ,222.5933931,426.3759886,2641.554805,3094.750744,3463.857823,4110.439258
BYJ,219.6315868,447.9623424,1453.059851,2749.307064,3935.04133,4611.578077
BYJ,214.2847372,407.1858746,2156.247101,3067.080387,4192.197415,
BYJ,,522.8429809,2394.225228,3361.079938,4164.369476,4989.410259
BYJ,91.58185511,616.7837008,2415.009562,3279.482941,4556.976254,
BYJ,,1033.298918,2214.607582,3096.225784,4412.952981,
BYJ,,768.3121101,2099.15379,3095.374973,4194.872267,
BYJ,,772.9258475,2092.414072,3034.263328,4186.71,
BYJ,,521.1601367,1856.678181,2978.320987,4011.316085,
BYJ,,604.714453,2042.546316,2791.697284,3763.333924,4918.231023
BYJ,,273.3486495,1595.281518,2702.08882,3386.089106,4741.961313
BYJ,,427.8088725,1652.102247,2450.38351,3268.98591,4906.910254
BYJ,,493.7911126,1579.2452,2922.580483,4159.243341,
BYJ,,1000.795288,1710.443445,3144.0439,4234.481091,
BYJ,,825.2184191,1960.761301,2744.385662,3956.709762,
BYJ,224.9743592,453.8718431,2447.305096,2456.992093,3164.315414,4288.126677
BYJ,229.0149392,461.5022138,2154.459035,2660.681009,4083.485986,
BYJ,213.6250139,423.6686776,2019.803969,2718.946539,4091.639411,
BYJ,,745.4622805,1248.606665,2415.200439,4037.276089,5225.472526
BYJ,186.6939139,537.7445065,1838.99802,2731.187118,4375.167609,
BYJ,,676.0565142,2015.788659,2857.649158,4134.242118,
BYJ,,953.9929729,1881.79092,3017.453175,4201.733935,
BYJ,,592.9376631,1474.723551,2793.088434,3850.466373,5246.748314
BYJ,,482.4368159,1521.328672,2583.737197,3905.762436,5128.257797
BYJ,,1096.678321,2407.855341,3439.2741,4324.240704,
BYJ,,644.2935145,1773.406858,3030.974866,4411.003389,
BYJ,,532.2789893,1482.556761,2925.828886,4050.209138,
BYJ,,876.3865452,1772.420505,3147.301891,4118.671546,
BYJ,,796.3715948,1765.643427,3039.453039,4177.044866,
BYJ,,709.7566242,2005.721194,3084.549363,4228.864087,
BYJ,236.0821417,567.8121761,2094.182679,2639.301172,4040.412045,
BYJ,221.5268383,476.3760894,2213.257723,2542.795255,3700.174137,
BYJ,220.0878777,434.1298067,2356.516915,2691.041778,4102.964185,
BYJ,217.5566521,438.0642865,1516.978738,2495.194279,4042.00444,
BYJ,217.2999941,439.9965225,1629.068495,2568.661662,4116.707435,
BYJ,,569.5126895,1554.648348,2617.369195,3944.274289,5278.340188
BYJ,187.3529715,573.2423396,2168.578736,2763.343567,4079.541154,
BYJ,159.2545999,476.1440757,1952.710516,2785.305594,3914.066186,
BYJ,,479.757181,1863.862543,3003.832353,4357.498448,
BYJ,,385.2224086,1677.421131,2194.600284,3848.655273,
BYJ,,940.6283607,2034.037383,3097.850395,4094.305008,
BYJ,,1057.981178,1687.999076,3082.124805,4305.315128,
BYJ,,259.6977544,1465.862675,2770.660589,4094.725198,
BYJ,,1066.42207,1715.203064,2945.340027,4297.60009,
BYJ,,667.8493178,1772.303697,3000.927305,4421.561114,
BYJ,,962.6740987,1800.081569,2751.799545,3778.354759,
BYJ,,932.6051718,2069.42597,3196.254861,4189.499756,
BYJ,,342.6426502,1540.873532,2663.947026,4026.663102,
BYJ,,997.4491608,1622.793012,2831.654417,4238.117386,
BYJ,,1132.213581,2137.882809,3345.374275,4024.080422,
BYJ,209.0054761,545.7769663,2284.121185,2877.386705,4062.519743,
BYJ,213.7820065,419.4856225,2549.852788,3108.929832,4186.169403,
BYJ,218.4014843,436.0218823,1816.579198,2584.095678,4059.883251,
BYJ,207.7594356,355.1553683,1700.622045,2680.213986,4357.063599,
BYJ,,354.3487489,2304.717702,3239.078218,4082.254856,5058.602934
BYJ,175.2531143,455.3971245,1339.731127,2087.568228,2886.92991,5137.811835
BYJ,266.4032497,405.5928854,2074.478281,3077.850328,4235.426917,
BYJ,,215.1007964,1718.303632,2575.537177,3897.478312,5035.217103
BYJ,,410.9644424,1776.985192,2977.182432,4045.686922,
BYJ,,678.4175383,1683.32006,3056.889687,4372.994091,
BYJ,,352.6313042,1604.429998,2667.107043,4070.411637,
BYJ,,1096.521145,2341.926841,3742.627195,,
BYJ,214.4404751,587.0315759,2081.563668,2742.602598,4076.316748,
BYJ,205.6290775,430.2341768,1667.388643,2438.971996,2922.896104,4165.353459
BYJ,210.873625,418.8154559,2117.450785,2542.317502,3935.121327,
BYJ,201.6352131,411.0589637,1948.265295,2603.128553,3876.036557,
BYJ,,717.2868582,1629.765974,3118.089901,4381.773797,
BYJ,172.7106625,527.3685334,2301.410955,2952.654487,4097.155016,
BYJ,227.0470368,287.5669487,2154.880018,3082.044278,4212.985073,
BYJ,,813.7383172,2226.312608,2980.795398,4071.959719,4691.896302
BYJ,,508.0758654,1592.42871,2694.240584,3992.650619,
BYJ,,470.4297872,1557.789467,3093.185893,3982.525171,5154.620126
BYJ,,476.4174217,1651.437173,3062.41409,4008.925083,
BYJ,,490.7027744,1537.7626,2807.082841,4164.23415,
BYJ,,479.404348,1859.100197,3067.485967,4205.564702,
BYJ,,581.3854624,1527.540265,2941.023909,3997.090229,
BYJ,192.3265755,472.4215407,2367.113736,2899.097751,3550.819219,
BYJ,213.5404095,423.3920713,2260.418933,2728.509298,3851.421019,
BYJ,221.5259125,277.178493,1983.423206,2897.303194,5271.145241,
BYJ,,498.5235037,2120.545395,3131.894824,4033.409055,5244.441827
BYJ,421.5045863,773.9608155,2100.528194,3215.641498,4399.280866,
BYJ,,578.5868886,1817.462408,3177.811929,4633.52657,
BYJ,,374.6019819,1830.69336,2939.014689,4254.767922,
BYJ,,558.5965328,1684.634671,3039.769685,4300.591218,
BYJ,,432.022357,1607.184748,3022.977141,4263.493178,
BYJ,,428.3740622,1511.919205,2382.039435,3623.362833,4981.078134
BYJ,,470.6587993,1434.378097,2470.611353,3797.312223,4813.744645
BYJ,,777.6757284,1924.328146,3364.20379,4156.812971,
BYJ,,946.0757038,1780.029802,2797.704064,3751.941806,
BYJ,,1048.715769,1922.743453,3124.612265,4255.912224,
BYJ,,471.9979462,1648.819845,2407.264589,3848.000824,
BYJ,,662.6960979,1928.553414,3329.579065,4318.545192,
BYJ,,609.5781252,1818.646449,2737.071579,4204.418378,
BYJ,216.1939932,515.2966586,2234.562595,2263.712338,2885.295423,4222.224098
BYJ,233.5132946,429.7541537,2456.243988,2875.061955,4072.709607,
BYJ,235.9536452,470.3135422,1909.492349,2469.346551,3989.985841,
BYJ,205.4110083,255.5132741,1927.62417,2676.098153,4317.250179,
BYJ,,2181.393162,2962.100175,4215.289654,5130.900791,
BYJ,277.5177147,349.720566,679.9720038,2381.748126,4188.856724,
BYJ,,538.6189731,2018.091597,2813.96161,4082.11551,
BYJ,,642.9004446,1918.583175,3061.161209,4247.949084,
BYJ,,460.1818296,1790.880052,3024.58813,4138.059911,
BYJ,,826.9632444,1782.246995,2945.910745,4158.371796,
BYJ,,1285.029905,2512.341337,4073.052461,,
BYJ,,831.5529908,1796.205878,2929.004077,3938.804897,
BYJ,,633.7390338,2027.028975,3019.551008,4281.355936,
BYJ,,691.9226928,1990.612595,3141.357211,3871.286875,
BYJ,,696.1678894,1892.162829,3100.859016,3777.692844,5019.418427
BYJ,,459.7958357,1393.899542,2355.638337,3805.831908,
BYJ,208.3338306,472.7220394,2389.090315,2736.208215,3919.147176,
BYJ,217.5600204,412.8503179,2348.947951,2710.343391,4107.726125,
BYJ,273.5316485,553.2537857,1652.31255,2600.606714,4070.408908,
BYJ,,542.4279107,2251.557049,3521.880184,4281.288038,
BYJ,231.7877781,404.8579771,1856.914217,3032.514547,4609.211378,
BYJ,,727.046176,2222.436818,2730.896815,4109.952664,
BYJ,,492.8607915,1849.392561,3041.694429,4136.090521,
BYJ,,568.6210011,1842.70055,3066.062094,3967.517282,
BYJ,,561.6161073,1742.49211,3075.552842,4025.9037,
BYJ,,1287.285899,1898.846787,2929.92693,4149.102424,
BYJ,,577.755847,1412.339579,2655.25972,3702.471303,4870.100574
BYJ,,1808.210589,2218.707843,2768.416101,4080.237786,
BYJ,,919.8067907,2125.684001,2899.88208,4143.087193,
BYJ,,574.9690129,1707.956737,2753.182136,3824.995419,
BYJ,,1288.489567,1511.62728,2892.306733,4113.157736,
BYJ,,667.5041625,1626.687359,2789.160939,4062.024391,
BYJ,,1876.701648,3308.048278,3995.576141,,
BYJ,236.590055,500.1460829,1942.98203,2369.39398,3029.387842,4422.132311
BYJ,233.3865779,443.1885394,2507.199521,2573.13357,3745.467641,4492.108814
BYJ,233.0441888,449.9967138,1847.348624,2570.72501,4068.25801,
BYJ,,412.0355608,1985.156353,3102.57699,4215.674384,5143.538923
BYJ,215.3088664,511.6581566,2267.759732,3007.964434,4236.394962,
BYJ,194.3029188,279.4347158,1192.242664,1960.019169,3122.616088,5385.177248
BYJ,204.4718857,214.542501,1892.827171,2926.535964,4324.441994,
BYJ,,242.7698825,1529.437648,2702.90117,4208.6026,
BYJ,,504.529901,1668.120896,3081.861364,4223.052282,
BYJ,,929.0655526,1718.860234,3172.447588,4371.055225,
BYJ,,480.0620374,1801.716608,3192.946872,4319.58803,
BYJ,,553.9607147,1545.042832,2654.31127,3681.879085,4987.37292
BYJ,,635.3514066,1792.649081,2465.669464,4044.486379,
BYJ,,693.2057506,1613.739151,2419.493877,4325.830562,
BYJ,,377.3389847,1766.24611,2704.463702,3912.103624,
BYJ,200.2673204,599.728919,2207.895158,2905.836081,4279.72347,
BYJ,199.6836975,486.2700035,1755.926702,2339.293885,2914.934223,4195.943148
BYJ,200.9762913,382.5704264,2451.27969,2793.308015,3345.326966,4222.878146
BYJ,225.6252748,451.6352698,1397.774963,2487.069645,3281.326114,4748.025952
BYJ,227.1011086,455.9613871,1343.474637,2617.733099,3392.408417,4786.584577
BYJ,,438.652184,1825.274911,2792.161923,4499.361537,
BYJ,223.6811139,424.1759169,2335.886194,3011.579721,4320.745387,
BYJ,166.6766635,404.6196846,1365.827638,2091.579456,2854.307696,5020.630147
BYJ,223.3973819,247.6265456,1935.849339,2254.831495,2970.096559,4844.860098
BYJ,,169.2656817,1474.443452,2585.121051,4129.372848,
BYJ,,1237.379441,2171.250583,3784.187104,4969.678122,
BYJ,,521.9595943,1672.827527,2865.394078,3852.073943,4996.042346
BYJ,,139.4996121,1419.497168,2823.572512,4384.678492,
BYJ,,718.4589175,1768.094695,3054.076171,4383.478844,
BYJ,,437.0738307,1621.909302,2699.76718,4123.760553,4814.914535
BYJ,,1002.850318,2177.458491,2995.179431,4576.357025,
HYN,,406.3091756,1611.211721,2735.05961,3948.9062,4936.642093
HYN,,489.27055,1621.140045,2843.747218,4024.630086,
HYN,,634.1821546,1768.895588,2823.21249,3778.316429,4831.400628
HYN,,653.1354073,1595.383973,2813.778549,3922.763429,5050.39307
HYN,,403.0836721,1603.951236,3050.957203,4083.701311,
HYN,,595.4393547,1618.605476,2423.359999,3928.368401,5013.728227
HYN,,618.4569704,1697.600253,3292.464532,4291.317927,
HYN,,1469.804649,1703.044912,3396.96742,4261.655226,
HYN,,643.4429918,1576.083616,2778.168315,4040.566545,4988.203002
HYN,,745.1459573,1562.799319,2621.568402,4046.270408,5033.555803
HYN,262.4756,789.1864749,1354.286034,2831.408545,4306.345989,
HYN,254.6194983,331.2477664,1570.511985,2270.468555,3089.55955,5104.62054
HYN,251.3384009,420.6677194,2073.394239,2704.224853,4354.785061,
HYN,251.1058187,464.6102724,1780.472196,2738.539158,4089.090323,5176.253857
HYN,247.9493122,486.4454941,1407.678351,2493.249987,4086.168139,4830.906015
HYN,229.1945205,452.7476879,1560.2643,2578.165341,4168.351117,5299.625378
HYN,81.84154763,1128.483082,1441.156194,2777.875219,3992.082411,
HYN,,606.8760749,1254.761857,3222.935148,4268.224999,
HYN,,902.4135089,1806.542583,3712.122187,4270.677437,
HYN,,418.4924196,1694.872793,3029.432876,3978.279559,
HYN,,501.187565,1543.490441,2594.627113,3913.16494,5008.800043
HYN,,445.5857214,1445.702161,2872.231796,4084.425385,4961.962912
HYN,,808.0902041,1783.440795,2863.315681,4312.070698,
HYN,,409.4548634,1854.801175,3371.105498,4208.464048,
HYN,,462.1779151,1666.791507,3033.894349,4029.677438,
HYN,,600.9787725,2006.583634,3665.513336,4075.117865,
HYN,,1045.619626,2063.898207,3413.973604,4209.182237,
HYN,,371.8722408,1829.527684,3178.593729,3989.593704,
HYN,,275.7707164,1610.698567,3022.945284,3978.120537,5106.383218
HYN,,417.1635922,1631.859768,2632.676532,3803.123865,4910.517775
HYN,,846.5563729,1774.294494,3278.513164,4157.555744,
HYN,,1316.608474,1958.147751,3436.511276,4245.528636,
HYN,,202.265364,1575.863715,2936.800503,4128.302137,
HYN,,861.1726911,1463.75688,2373.319378,4092.102262,4838.226575
HYN,279.2462214,499.5276299,1383.522131,2142.546878,4412.396781,4807.413086
HYN,273.0054803,322.2976842,1632.328192,2155.809936,3271.204549,4982.550472
HYN,266.3441541,394.3269036,1866.486554,2649.415395,4542.897801,
HYN,273.9227703,454.1465756,1768.549449,2695.146703,3582.632526,4636.415041
HYN,271.0780501,501.5650051,1328.14245,2623.243878,4010.560503,4698.729363
HYN,255.9905628,320.6035768,1543.778527,2998.718656,3204.067657,4776.275946
HYN,185.5052425,852.1894449,1315.120588,1895.928025,3103.053086,4410.913031
HYN,90.67741931,992.9945792,1164.912486,2012.795435,3799.651879,4460.176987
HYN,,1105.869235,1641.186246,3035.437041,4236.630693,
HYN,,1191.166544,2049.88359,3617.300076,4248.480843,
HYN,,683.8316214,1734.310181,3122.716876,3890.46012,
HYN,,1594.884486,1733.4723,3078.321751,4121.656704,
HYN,,849.5291252,1544.195952,2530.278322,4002.310917,
HYN,,524.1493085,1508.146664,2741.277476,3991.105072,5139.983331
HYN,,408.6302062,1727.127189,3080.159083,4142.911978,
HYN,,1052.714691,2125.488071,4060.400106,4977.033622,
HYN,,949.0626482,1895.205034,3061.514973,4073.092017,
HYN,,1067.694617,1842.973575,3196.738119,4077.832518,
HYN,,525.9460966,1551.445833,2682.551575,4130.571269,
HYN,,1040.09405,1841.747842,3241.936543,4405.929111,
HYN,,524.0469966,1735.116471,3577.017207,4498.28781,
HYN,,549.6588481,1832.745881,2547.01713,4276.329409,4942.726993
HYN,,972.7951287,1795.7496,3396.620734,4271.638483,
HYN,,1333.963484,1749.786544,3127.091373,4307.698428,
HYN,308.2817561,592.764883,1108.562558,2407.970027,4079.962949,4510.149333
HYN,301.7015364,348.5576678,1226.152865,2156.484833,3547.068704,4903.580592
HYN,299.1107426,324.5386919,1950.790099,2430.257256,4502.260191,
HYN,308.9461988,333.5489181,1821.175554,2546.743106,3075.155671,4608.813024
HYN,308.6956803,510.272983,1246.285504,2455.317321,4066.733923,4333.713777
HYN,304.934587,522.1613631,1240.515689,3476.222773,4382.01668,
HYN,270.0905358,369.7713184,1413.950134,2317.699822,3465.98002,4493.566252
HYN,192.0711807,858.7354087,1335.3439,2221.987089,3831.893581,3944.022052
HYN,,977.9489476,1286.858543,3028.085038,3913.993513,
HYN,,932.4690567,1319.839661,2697.139582,3868.320916,4907.94608
HYN,,456.923718,1394.499809,2360.536729,3728.744994,4981.727976
HYN,,687.8169077,1090.75901,2238.350504,3908.913322,4846.229642
HYN,,985.964343,2389.022744,3505.908146,4568.117128,
HYN,,1193.661285,2375.436436,3979.030169,4760.039806,
HYN,,1218.763854,2314.810726,3439.089192,4563.16962,
HYN,,777.8980849,1647.843363,2667.107556,4278.613469,
HYN,,329.0716919,1914.95425,3176.615299,3335.123365,4824.087264
HYN,,1109.686966,2189.593651,3358.738353,4407.035583,
HYN,,1675.951432,2240.144901,4131.456303,4905.725369,
HYN,,443.2408149,1509.812236,2732.448039,3799.984278,4949.526302
HYN,,884.3960959,1630.380708,2887.433791,4030.5075,4705.221068
HYN,277.1839537,846.7345867,1428.031936,2464.466053,3871.337135,4415.715349
HYN,274.8426331,459.1513242,947.2363522,2162.650948,3217.574874,4797.405384
HYN,274.5313568,446.8605782,2104.515872,2620.10859,4442.921289,
HYN,283.281118,507.9583934,1662.712895,2748.943639,4006.660868,4588.428741
HYN,277.5868431,559.5022759,1132.051427,2635.735174,4203.563894,4641.163961
HYN,271.5937093,447.7207134,1435.236797,2989.323576,3819.940819,4499.270654
HYN,236.5189361,956.2599942,1506.072204,2787.611516,4102.989219,
HYN,162.476102,1041.613679,1345.492076,2781.986842,3363.26122,4063.073514
HYN,,1010.048669,1303.176224,3003.137848,4455.437236,
HYN,,1156.431536,1932.97849,2897.911971,4283.570187,
HYN,,1311.875868,2652.847878,3821.164321,4935.819851,
HYN,,1194.836253,1963.848488,2839.537929,4466.201214,
HYN,,433.7498411,1826.142097,2902.888761,4281.90156,
HYN,,1469.169448,1845.153448,3013.488621,4390.002274,
HYN,,321.1719657,1841.474499,3073.20059,3355.362043,4945.684592
HYN,,72.52444979,1418.601607,2680.372051,4007.312118,4911.599953
HYN,,1220.268548,2380.869325,3577.079356,4855.405348,
HYN,,959.7823202,1862.692541,2382.143065,3975.838699,
HYN,,469.4754331,1581.245288,2913.172665,4032.662198,4933.639945
HYN,,70.42217159,1426.322015,2756.172787,4349.77547,4981.710261
HYN,,484.6128841,1344.524682,2884.853445,4342.389731,
HYN,,405.5585487,1653.769876,2608.937284,4177.11931,
HYN,,1161.539696,1822.170635,3255.122288,4416.355737,
HYN,,1193.476055,2108.859119,3087.097805,4328.038429,
HYN,,1344.583874,1429.825174,3018.373619,4322.243234,
HYN,331.9897785,806.1804619,1298.952798,2934.163287,4353.713174,
HYN,324.3290609,379.8781641,1409.8452,2235.609768,3395.354714,4580.864642
HYN,312.5821171,342.6460062,1480.76159,2214.468998,3113.888717,4706.994023
HYN,323.9166012,426.51834,2077.987571,2870.476995,4008.140358,4653.7131
HYN,318.8555807,612.622005,1388.384592,2626.152818,4200.821947,4499.363785
HYN,303.5213556,481.8931314,1533.602066,1777.370551,3606.637965,4571.405074
HYN,222.8799169,935.1970312,1400.504252,2238.013516,3348.686051,4066.011234
HYN,,1078.956664,1314.269505,2843.692045,3083.34652,3924.67793
HYN,,603.2641156,1223.213436,2318.995624,4156.214997,4944.426701
HYN,,202.9593445,1265.364994,2581.816912,3869.764802,4876.074674
HYN,,784.6707559,1463.520606,2384.807529,3722.674459,4919.569241
HYN,,919.2840326,2123.331082,3937.893167,4848.905806,
HYN,,518.1464357,1561.900546,2244.738448,3620.475443,4695.748204
HYN,,1572.348944,2590.241074,3596.306192,4928.317026,
HYN,,383.8328243,1508.92269,2643.089143,3749.206348,4965.816681
HYN,,743.1032964,1649.48317,3172.889942,4798.62365,
HYN,,621.4999448,1338.662985,2668.465426,3790.87303,5202.326522
HYN,,775.4110412,2236.770586,3247.760558,4255.245916,
HYN,,440.9422998,1405.540021,2581.7291,3807.456443,4897.16773
HYN,,730.2674769,1790.249653,3016.213162,4173.919254,
HYN,,1679.816749,3066.280367,4421.866866,,
HYN,,244.5549937,1590.750243,2585.795141,3903.819746,4792.387217
HYN,,1348.209244,2308.899879,3263.785122,4268.011487,
HYN,,663.3383364,2290.412718,2894.53493,4291.538733,
HYN,,1160.924373,1622.479877,3099.842015,4059.046004,
HYN,316.266231,552.5414594,1365.104397,2158.147014,3705.056196,4498.74614
HYN,295.87461,356.577377,1532.945219,2305.742225,3027.2913,4706.115063
HYN,301.1119376,347.706781,2404.23397,2429.927684,3059.561318,4289.327432
HYN,297.8972709,540.7854994,1489.366483,2961.147626,4189.757225,
HYN,291.9513771,602.8202602,1257.305535,3164.236667,4357.406407,
HYN,274.8359096,443.9718098,1548.552682,3131.882381,4687.064679,
HYN,191.3704506,910.8488992,1360.174204,2478.487998,3178.798308,4092.291224
HYN,,835.8991239,1324.924564,2952.146583,4045.592498,
HYN,,490.974161,1328.257593,2951.359878,4138.647505,
HYN,,1218.01655,2200.210584,3057.45043,4228.731871,
HYN,,1270.716239,2270.235482,3296.761892,4229.331859,
HYN,,1004.289053,2064.08309,3148.385946,4750.022529,
HYN,,1556.902741,2779.342434,3846.183127,4932.533198,
HYN,,1460.191093,1844.863465,3033.446393,4416.117112,
HYN,,339.138395,1651.84671,2902.106081,4577.347181,4628.529414
HYN,,566.2320289,1743.02595,2663.162206,3689.012586,4961.600287
HYN,,999.052753,1609.829825,2846.823266,4009.441735,
HYN,,1112.78898,1797.201775,3044.426976,4753.319345,
HYN,,1536.187214,2595.371692,3631.65609,5052.32509,
HYN,,608.0049985,1668.551995,3003.906078,3384.797467,5001.517935
HYN,,436.6341129,1345.731731,2495.863666,3708.933628,4932.279067
HYN,,587.0830334,1693.5021,2500.775301,3656.926164,5125.685931
HYN,,753.8216044,1805.383608,3281.525316,4425.761698,
HYN,,354.9030784,1382.906603,2513.106748,3768.232879,4875.17037
HYN,324.381329,685.7411366,1109.353202,2491.404541,4257.982338,4521.436308
HYN,301.7638183,326.2898301,1331.160734,2176.084061,3395.66789,4641.144532
HYN,297.5041364,387.2253452,1238.169223,2160.16903,3246.908778,4841.895722
HYN,303.7618836,361.8301313,1472.278134,2752.859056,3552.044794,4446.771569
HYN,305.4123281,565.4849,1471.311661,2906.536028,4235.402001,4567.616242
HYN,301.6290036,527.8515316,1228.187872,2910.115897,4279.139749,4725.682203
HYN,287.2156688,455.770001,1420.851222,1952.804475,3367.484167,4584.386346
HYN,215.186158,934.0142755,1352.867343,2787.586553,3267.155341,4125.216369
HYN,87.76077312,774.6655444,1213.955664,2426.856602,3662.530034,4692.768056
HYN,,772.7176644,1263.722295,2611.67882,3540.565942,4903.707967
HYN,,1212.478794,2245.229108,3933.768097,5354.831955,
HYN,,1383.648773,2191.376464,3741.088674,4781.173488,
HYN,,1122.800775,2076.555064,3310.981274,4627.84132,
HYN,,1233.822813,2112.938165,3679.667706,5089.708707,
HYN,,1058.932265,2174.042783,3498.137983,4524.463673,
HYN,,1073.963518,2158.064034,3202.436161,4507.661924,
HYN,,1176.011373,2235.698181,3486.481009,4197.763008,
HYN,,349.3309944,1708.149267,2827.63671,3425.440216,4924.603765
HYN,,1677.069725,3047.874624,4103.128102,,
HYN,,703.9521747,1665.553996,2708.107523,3832.402921,4813.920605
HYN,,339.6776015,1522.822,2976.095551,3915.568523,4907.476034
HYN,,1108.433926,1801.928111,3222.753497,4833.137312,
HYN,,422.7947566,1800.947674,2972.062147,4304.038767,
HYN,,964.8500416,1645.792302,2905.51616,4580.596709,
HYN,,440.7357037,1632.332365,3067.308232,4314.356045,
HYN,,1360.741778,2585.806691,4031.222629,4906.619712,
HYN,,885.2106362,1815.971136,2486.234473,4219.201172,4757.28453
HYN,304.8235217,651.2013165,1039.167459,1944.93641,4303.035332,4882.754166
HYN,302.7782422,331.0977391,1751.663438,2178.683439,3191.204487,4871.68636
HYN,301.0865016,366.3570601,1466.216686,2346.094459,4293.122148,
HYN,306.0370081,488.5206097,1538.710412,2558.250125,4045.750619,4732.008336
HYN,292.075372,649.5688098,1289.387476,2267.60465,4372.45403,4847.897226
HYN,284.6878997,464.7881328,1484.618009,2110.741963,3448.518144,4560.798885
HYN,224.1949052,922.7567265,1461.875475,2045.112139,3162.217261,4106.298791
HYN,,920.5200598,1373.979509,2595.922759,3001.392739,4435.328368
HYN,,1037.332155,1386.000824,2420.503192,3350.338326,4648.378475
HYN,,1215.319466,2148.941509,3213.041066,4858.805979,
HYN,,1142.442001,2139.492124,3377.24647,4215.069231,
HYN,,1005.342906,2153.385764,3426.097679,4652.308792,
HYN,,884.1564385,2043.530936,3223.42184,4345.163338,
HYN,,336.7413761,1385.754801,2501.642385,3854.045698,4904.025953
HYN,,1209.087981,2281.504858,2936.340804,4146.408632,
HYN,,1044.306268,2081.027712,2841.032509,4647.515054,
HYN,,1237.035201,2408.333984,3408.44707,4848.584974,
HYN,,854.0252862,1826.752065,3227.356601,4413.707948,
HYN,,605.0037081,1575.973124,2575.039999,3855.911516,4814.003671
HYN,,511.8102733,1252.519258,2386.945512,3708.345076,4953.06392
HYN,,1139.972787,2135.761604,3305.557979,4823.159077,
HYN,,508.314568,1292.643831,2423.02413,3677.488828,4826.008613
HYN,,318.6934797,1698.266473,2969.769189,3578.781774,4859.49135
HYN,303.40364,940.8143685,1240.941295,2820.61326,4420.859874,
HYN,293.8519335,426.572181,1113.938985,2149.970263,3199.092182,4880.11196
HYN,294.2887512,441.1430028,997.923374,2058.509611,2908.960403,4691.442669
HYN,300.1833252,428.1627939,1500.154187,2549.509511,3698.764817,4465.743947
HYN,298.9739101,541.9356286,1286.56719,2952.285724,4243.7341,
HYN,294.8299392,665.4405567,1252.347343,3474.828578,4400.579813,
HYN,253.8460564,776.725456,1554.879801,3364.64261,4401.463081,
HYN,176.1126977,909.5219016,1298.539155,2629.585662,3343.308291,4088.234145
HYN,,855.7116004,1238.617765,2466.606627,3511.772103,4544.500098
HYN,,353.9415306,1154.377987,2201.511338,3667.881232,4879.346884
HYN,,1105.495691,2169.940566,3630.062376,4954.800139,
HYN,,178.406487,1411.363551,1981.776399,3612.360362,4883.503303
HYN,,555.082204,1584.067979,2552.731652,3799.501872,4897.473223
HYN,,763.7362621,1634.52145,2636.947841,3636.89299,4938.621413
HYN,,466.2314073,1626.2775,2608.382831,3424.846267,4866.157335
HYN,,995.3569126,1790.931086,2728.573581,4093.714548,
HYN,,232.8175203,1254.689962,2658.905514,3834.398783,4852.958727
HYN,,1316.505058,2563.789465,4073.743563,5431.131532,
HYN,,1190.944408,2426.11061,3827.028172,4788.295202,
HYN,,804.967544,2520.615938,3655.86168,4310.524888,
HYN,,526.7123693,1553.740231,2759.810044,3542.842263,4955.038862
HYN,,334.1439115,1370.948123,2484.714386,3640.953385,5067.041186
HYN,307.1672232,582.9661304,1040.865208,2329.221615,4214.637414,4576.838214
HYN,308.4397994,341.3556784,1236.98485,2231.349521,3267.70689,4442.279691
HYN,299.615653,353.6354802,1129.32693,2175.008669,2963.537777,4626.838962
HYN,300.4499562,378.7581907,1287.629189,2680.739339,3119.234027,4409.440203
HYN,298.0084153,514.2737693,1454.844773,2675.613441,4188.309682,5182.457698
HYN,294.9854722,615.44034,1244.888296,2021.020321,4100.188385,4849.741941
HYN,276.4574498,462.1848339,1405.543193,2334.215521,3880.510818,4737.505619
HYN,209.4088591,776.4839344,1271.886614,1920.497983,3715.951791,4333.032844
HYN,89.64735404,707.6707068,1247.507643,2057.428336,3455.989406,4673.031972
HYN,,856.7821835,1238.593113,2397.627861,3727.437732,
HYN,,1188.966491,2223.750244,3644.00905,5158.326671,
HYN,,807.376949,2137.192713,3775.526355,4673.468272,
HYN,,1145.949995,2186.010462,3758.906784,4291.952727,
HYN,,470.8621577,1612.386477,2392.395344,3825.27085,4993.290163
HYN,,453.1556008,1694.302868,2420.877612,3838.044199,5014.514369
SJW,,994.9894028,2471.484556,3953.613998,4677.25373,
SJW,,944.8394903,2161.425868,3123.368352,4355.937534,
SJW,,948.6788684,2060.424102,3316.052041,4372.740965,
SJW,,966.6735269,2277.03527,3775.464105,4779.703065,
SJW,,914.8794427,2121.661257,3234.054964,4155.386751,
SJW,,952.0396703,2183.371761,3521.115533,4293.764661,
SJW,,594.3329603,1276.198262,2489.296684,3732.057332,4718.671925
SJW,,923.5148231,2172.060292,3407.719807,4352.658918,
SJW,,975.8140095,2210.778229,3308.752694,4918.410964,
SJW,,924.9444798,2212.633005,3746.781058,4362.311254,
SJW,,987.4037456,2606.368271,2626.846621,4148.737943,
SJW,,910.1527065,2636.524071,2666.492099,4210.479681,
SJW,,864.9943096,2035.75294,3205.657383,4291.043564,
SJW,,1044.748313,2281.96683,2910.469987,4184.548268,
SJW,,1423.799424,2080.474589,2764.450542,4582.527359,5408.045771
SJW,214.1475773,521.3234153,864.6112376,2395.935415,4067.743993,4642.137353
SJW,,844.4398711,1972.701719,3176.595759,4425.574278,
SJW,,1241.213102,1465.169611,2960.966068,4162.210397,
SJW,,1327.98625,2471.223061,4084.530809,4916.854151,
SJW,177.1294884,335.3833822,2280.002928,3234.17043,4108.09458,5158.981199
SJW,175.5070999,338.0985442,2242.957556,3308.888665,3988.908497,5070.839023
SJW,,374.1217981,1785.909703,2822.269862,3835.460242,4887.256384
SJW,173.1928505,473.5459077,885.9835734,2944.15154,3713.7676,4940.266268
SJW,179.4510564,703.1259282,1237.344978,3721.797637,4922.177589,
SJW,157.5638953,432.1335613,2171.411462,3144.079607,4235.048805,
SJW,,599.6391972,2130.984989,3140.106253,4205.929575,
SJW,,996.6640291,2490.15753,3874.195942,5183.560059,
SJW,,444.0399078,838.6291834,2405.803155,3717.575522,4910.87614
SJW,,941.4716918,2631.485721,2878.370976,4382.679563,
SJW,,543.9008509,1664.577619,2255.484894,3697.814543,
SJW,,657.8543228,1880.527941,2892.135924,4212.2583,
SJW,,760.9904537,1753.411756,2461.245806,3668.391142,5092.520071
SJW,,757.8826658,2124.092272,3385.937947,4807.935017,
SJW,,864.6405283,2108.867148,3395.142467,4246.174695,
SJW,,963.5851716,1793.375458,2688.784197,3992.153826,4967.556916
SJW,,908.9457233,2116.055918,3251.0602,4365.776053,
SJW,,914.3937733,2213.05423,3297.138564,4341.879894,
SJW,,881.9236653,2128.973808,2862.030894,4110.011098,
SJW,,972.4957719,2040.612557,3224.898026,4428.712973,
SJW,,941.1786754,2140.541697,3202.136739,4258.898066,
SJW,,925.1599432,2265.420205,3471.969027,4102.50097,
SJW,,1124.403307,2104.947071,3574.240687,4450.617161,
SJW,,696.3806111,2190.558215,2948.518732,4498.273467,
SJW,,967.4111294,1939.763157,3253.078673,4456.841924,
SJW,233.316551,362.3580376,2145.658818,3059.377513,4042.465479,5126.903574
SJW,229.0393834,433.3430856,1828.722261,1836.86344,3757.753076,4815.54695
SJW,209.9333893,532.536674,909.62659,2822.816677,3690.207578,4874.745223
SJW,181.9769312,429.2661042,2073.229401,3162.691083,4448.892599,
SJW,,477.7324615,2299.627452,3332.454812,4408.796036,
SJW,,378.6799237,1997.281626,3425.529957,4173.148181,
SJW,,924.0508171,2250.815235,3184.454734,4222.847875,
SJW,,975.4207853,2075.664477,3512.873747,5132.702687,
SJW,,869.7173455,2081.901535,3225.075191,4249.033722,
SJW,,922.1449472,2099.894929,3242.036434,4478.302368,
SJW,,992.5434168,2127.500671,3276.355518,4429.206166,
SJW,,632.6302368,1276.206094,2500.524882,3904.949821,
SJW,,902.0940853,2078.460954,3520.193247,4541.419653,
SJW,,950.9638172,2274.753997,2307.966555,3858.951362,5005.858476
SJW,,849.5911888,1961.921309,3137.831691,4629.638236,
SJW,,584.2502786,1779.862686,2580.240194,3918.842388,4893.899707
SJW,,718.8739767,2084.735028,3141.803747,4265.356192,
SJW,,794.5528284,2197.697396,2966.57404,4142.596415,
SJW,,627.1582769,1209.113952,2529.873067,4025.960808,
SJW,,933.5302137,2192.665484,3768.478977,4543.489133,
SJW,,881.7522373,1551.345617,2713.181334,3764.751106,4968.813772
SJW,,1087.06361,2253.724649,4042.037497,4611.573572,
SJW,222.9408196,431.7748018,950.5314415,2100.66488,4229.459003,4664.214945
SJW,,1019.238973,2012.458834,3882.411968,4416.051219,
SJW,,1014.582328,2110.534064,3286.512945,4321.397944,
SJW,225.9241109,435.0638072,1738.3676,2192.945439,3579.961381,4709.673566
SJW,210.4875948,413.1894278,1136.209811,2194.599409,3573.572383,4709.054064
SJW,208.302186,556.4402578,1009.501595,1972.20821,3577.846497,4775.55424
SJW,177.1246183,381.782992,2044.88115,3287.863198,5008.142842,
SJW,,409.3771328,2086.076584,2910.560674,3741.226174,
SJW,,229.3801219,1687.05239,2801.658697,4080.33395,
SJW,,918.3277106,2040.409655,3128.793551,4304.133192,
SJW,,931.1357443,2259.870269,3309.597248,4518.170999,
SJW,,711.2117295,2154.147175,2920.307922,4407.70881,
SJW,,900.9842935,2267.379813,3825.132554,4064.075643,
SJW,,590.9736564,1835.934799,3064.05388,3132.142954,4695.929053
SJW,,942.5166486,2439.203117,3798.698107,4782.208199,
SJW,,929.6069343,2330.22702,3721.206117,5045.524437,
SJW,,968.9833258,2146.380301,3189.442992,4459.264214,
SJW,,900.5726835,2085.363752,3318.474224,4410.201903,
SJW,,857.4208516,874.2872465,2199.627858,3716.083565,4856.649531
SJW,,995.5123446,2119.883796,3103.722609,4082.193745,
SJW,,842.419322,2137.630974,3447.838579,4330.077572,
SJW,,897.0543248,2345.814799,3376.187889,4795.800891,
SJW,,1051.390574,1944.847785,3113.008139,4267.432418,
SJW,,866.8434871,1980.920688,3185.01728,4205.181023,
SJW,,894.9001797,1892.251877,3114.370692,4301.499701,
SJW,,462.5595301,1370.890468,2677.570275,3852.763701,4842.606864
SJW,,931.0976061,1744.503112,2700.83819,4499.077319,4983.644687
SJW,,373.9824278,977.5579814,2352.165221,4200.520976,4573.190016
SJW,,1230.501414,2639.942651,4233.513422,4858.683798,
SJW,,1063.253786,1994.652201,3395.025744,4559.762276,
SJW,,893.1269174,2127.008226,3334.107371,4389.884087,
SJW,,1402.153325,2559.856315,2917.496729,4448.826348,
SJW,199.1023156,374.0306707,2347.303076,2838.858372,3965.647163,5127.259982
SJW,196.5526518,387.3939848,2163.231315,2968.388701,3673.923567,4831.864733
SJW,,344.7370429,2310.135274,2635.653722,3804.698429,4977.939537
SJW,,560.0226006,1176.073621,2543.521923,3920.329206,4932.593929
SJW,178.3148221,390.9130503,923.0620226,2547.942284,3647.13971,4887.669551
SJW,173.0419194,517.9631889,1183.048353,3543.881884,3729.929235,
SJW,161.0572841,381.60016,2197.650842,2686.010825,4166.235825,
SJW,,649.21349,2195.111082,3111.119927,4255.048002,
SJW,,381.586165,2099.097915,2822.433129,4345.058506,
SJW,,191.7210869,1759.739043,3072.494602,4393.755656,
SJW,,667.4106785,2061.768291,3119.401586,4121.689595,
SJW,,799.6548848,2178.899001,3440.593712,4548.606209,
SJW,,1098.811277,2249.239102,3378.011814,4181.248799,
SJW,,810.0438334,2137.323881,3207.852322,4404.993189,
SJW,,968.004783,2230.281723,3259.640237,4578.010415,
SJW,,1113.777828,1964.953922,2736.311917,4032.075179,
SJW,,849.2121561,2822.64851,2882.541144,4771.366703,
SJW,,653.8091664,1691.931174,2529.022571,4070.934777,4817.065903
SJW,,760.6317168,1924.209202,3381.274248,4204.556699,
SJW,,873.4580703,1925.770364,3252.631276,4460.009676,
SJW,,595.514011,1752.039896,2942.932201,4374.986814,
SJW,,907.4227525,1661.456519,3042.708199,4278.336777,
SJW,,688.9094066,1912.560877,3080.803672,4499.894808,
SJW,,846.2808863,2029.697076,4258.853618,4312.161613,4839.559313
SJW,237.650018,404.7421578,1074.050427,2358.686208,4225.927405,5066.854431
SJW,235.9979627,949.3930175,2440.435986,2478.141136,3919.081508,
SJW,,1197.19048,2010.400261,3278.404217,4412.856364,4789.890147
SJW,,1219.400491,2379.813243,3924.387529,4665.045353,
SJW,211.1394685,414.3634274,2146.801921,2625.198012,3742.915312,4731.565847
SJW,196.422022,389.4739054,1092.459927,2331.280344,3659.534113,4842.822632
SJW,172.5730502,527.5580994,944.5853351,2098.828106,3688.480244,4845.570174
SJW,166.9245914,366.1600587,905.9516132,2234.640335,3302.459553,5114.778706
SJW,,233.36339,2093.724584,3167.729031,4174.453545,
SJW,,818.702384,2137.825895,3284.652105,4265.858122,
SJW,,866.3085248,2062.395872,3596.599791,4375.297429,
SJW,,775.8645368,2086.077035,2881.326752,4163.974029,
SJW,,914.2386696,2317.290968,3275.20009,4379.220754,
SJW,,896.5504748,2040.334988,3119.170179,4278.303398,
SJW,,929.6121038,2030.806228,3219.849396,4555.072004,
SJW,,850.3418997,2179.723479,3092.40836,4373.403157,
SJW,,1171.026124,2722.411169,3240.241964,4793.734056,
SJW,,745.141732,1702.882998,2481.963443,3537.749596,4833.520551
SJW,,557.1095943,1488.013602,2598.95226,3956.682682,4914.307052
SJW,,540.2776131,1543.265681,2691.196767,4039.910137,5189.195927
SJW,,817.0126549,2017.422327,3566.345556,5200.919931,
SJW,,963.7080347,2318.16628,2870.539798,4374.483528,
SJW,,703.3340327,1711.30979,2656.328145,3762.803252,4663.761354
SJW,,819.8411034,1775.275438,2588.64286,4354.056692,4878.674893
SJW,232.5026509,698.1870231,1081.704549,2283.543687,4053.313286,
SJW,226.9600535,961.9924273,1981.72057,3628.317132,4706.265844,
SJW,,900.0240553,2146.355288,3235.760155,4355.823715,
SJW,230.4320746,382.6219665,2110.110415,2963.83143,3814.1142,4975.672333
SJW,215.9009466,437.8515007,1165.536021,2333.981801,3321.132911,4900.258612
SJW,206.2843892,510.9351562,1165.38897,2516.69187,3729.976875,
SJW,180.7746031,376.5396211,969.6170618,2847.864743,3719.384428,4857.240015
SJW,,751.89518,2109.643417,3010.545576,4239.34743,
SJW,,913.0791583,2055.14378,3433.798144,4549.474234,
SJW,,568.0573991,1665.841947,2867.460764,3629.348683,4802.66191
SJW,,848.3373719,2152.001413,3275.868087,4185.26785,
SJW,,827.8419346,2057.540425,3028.613653,4495.658762,
SJW,,915.6431936,2306.39012,3371.873522,4575.095747,
SJW,,871.0216914,2209.459808,3143.721334,4679.518863,
SJW,,486.6054139,1303.069263,2567.263239,3702.267882,4817.995012
SJW,,1002.30809,2389.870767,3765.436982,5246.622748,
SJW,,841.1129577,2272.187773,3722.201712,4461.68159,
SJW,,528.2324541,1428.498178,2534.482094,4237.162712,4929.626729
SJW,,1310.730296,2461.483631,3976.487638,4695.09526,
SJW,223.4978977,485.9506809,1012.412648,2479.534687,3991.448581,5020.774899
SJW,,708.367933,1820.921203,2984.759848,4367.930935,
SJW,,1956.155406,2710.00948,3816.408405,4409.109038,
SJW,211.3976721,420.701359,2050.316275,2461.30525,3550.144804,4550.490988
SJW,201.2801964,436.863631,982.7175545,2285.442579,3631.548223,4884.063198
SJW,184.242133,521.4943397,1094.642168,2247.067865,3626.206795,4951.513093
SJW,213.1039973,381.7410867,2082.594757,3282.155055,4707.954633,
SJW,,535.9925662,1577.943144,2790.159626,3795.556799,4778.943928
SJW,,865.7029395,2032.396482,3135.099371,4475.531914,
SJW,,732.8296495,1476.272135,2545.959369,3646.611483,4850.202581
SJW,,674.3520053,2062.186989,3372.262386,4188.53131,
SJW,,813.5663712,1930.456451,3579.387381,4590.418024,
SJW,,656.2809753,1549.42388,2718.139261,3922.107312,
SJW,,876.8668136,1619.130218,2800.76474,3908.368255,5075.296912
SJW,,922.7544839,2047.820155,3379.838872,4292.976518,
SJW,,1281.250738,2284.65325,3796.357414,4815.930859,4845.371034
SJW,,517.3195675,1260.903248,2710.873765,4075.816667,
SJW,,837.9727319,2195.055701,3357.622715,4328.200745,
SJW,,1379.228775,2455.864409,3766.042363,4313.23792,
SJW,205.2683703,400.1705278,2199.868108,3132.347578,3591.862445,4685.353562
SJW,203.5031842,408.4512709,1816.816608,2274.401648,3560.603808,4730.095027
SJW,200.5836613,450.9352823,930.1243327,2281.150206,3769.744785,4950.179508
SJW,200.1333419,509.6822572,1030.726927,2348.965864,3666.55998,4906.451139
SJW,198.2955723,445.9421424,1177.163072,2383.608696,3627.887566,4859.849468
SJW,200.4062182,411.1619916,2033.46634,3204.752331,4311.046027,
SJW,,527.536452,2152.190099,3116.872458,4561.335621,
SJW,,894.9585675,2157.411373,2975.390772,4346.462678,
SJW,,533.6277869,1666.906554,2630.825082,4229.096084,
SJW,,506.1623488,1567.839285,2624.757909,3918.823346,4928.016695
SJW,,779.4410886,1973.557099,2925.789124,4202.144654,
SJW,,716.6443957,1973.552109,2942.693158,4246.692292,
SJW,,555.1203353,1520.232181,2528.70157,3971.867296,5068.138205
SJW,,951.5103517,1967.149694,3127.147824,4104.975796,
SJW,,941.8461797,2113.215991,3201.577963,4531.697792,
SJW,,761.5320127,2156.7022,2831.259181,4133.03238,
SJW,,846.300385,2093.681275,3287.213014,4078.803888,
SJW,,802.3912564,2090.396492,3057.433552,4192.742168,
SJW,,777.8889191,1966.703676,3202.74323,4135.78114,
SJW,,908.1398417,2043.780952,3115.168002,4166.262209,
SJW,,1183.672862,2014.485576,3665.397817,4417.684803,
SJW,251.8022308,569.5842748,977.8050576,2494.708709,4080.532222,4595.141036
SJW,,846.4508454,1894.120145,2950.548617,4250.947858,
SJW,,1703.046188,1769.361269,3317.664253,3945.748102,4677.889218
SJW,,1347.660189,2503.856712,3995.16815,4883.955919,
SJW,,844.6381778,2453.231214,4087.847793,4454.243823,5058.004453
SJW,183.4152657,360.6325844,2365.420592,2989.597332,3942.504666,4910.968721
SJW,172.5243117,334.0791839,2435.281624,2514.265927,3735.794447,5083.677312
SJW,,1197.129577,1763.751018,3183.816828,4450.319493,
SJW,177.5765474,469.8964063,935.9442113,3048.607343,3684.013104,4804.613524
SJW,170.5488881,353.6225861,1110.042481,2937.784538,3976.39823,
SJW,,760.1364661,2183.212,2956.383058,4228.182983,
SJW,,546.9087124,2280.92528,2656.527106,4287.742565,
SJW,,885.8652412,2068.403514,3218.451457,4204.453331,
SJW,,901.8699171,2184.950114,2998.585567,4181.660064,
SJW,,654.9458538,2263.008967,3907.621841,5274.464806,
SJW,,916.0667302,2232.309792,3607.468755,4977.628109,
SJW,,918.6271237,2180.609445,3210.064255,4238.264923,
SJW,,851.3200086,1572.845958,3113.46998,3940.745407,4933.903937
SJW,,898.4276357,2245.188939,2967.443647,4161.322304,
SJW,,797.1957633,2088.321547,3360.963785,4339.569888,
SJW,,1029.848181,2295.272614,3713.069184,4919.154923,
SJW,,856.2830197,2122.379762,3381.336922,4565.652201,
SJW,,615.5384849,1961.115032,3073.11796,4414.249277,
SJW,,827.6377459,2529.769033,3091.728751,4501.454949,
SJW,,869.2889885,1769.535222,3020.209757,4374.651202,
SJW,,734.1762153,1702.296946,2859.733172,4245.446262,
SJW,,804.8316903,1577.098443,2866.704972,4094.899826,4694.547127
SJW,,738.2117719,2055.95961,2931.606656,4363.469589,5030.351304
SJW,250.2822802,389.5954,1234.956983,2606.983987,4124.057173,4928.191194
SJW,,462.1470936,1505.121876,2753.594999,4394.940267,
SJW,,920.6268757,2141.328153,3389.765218,4305.766682,
SJW,236.2537675,2115.626681,3789.697143,4645.326004,,
SJW,218.1210573,416.314999,2136.523134,2486.8724,3544.926012,4670.766287
SJW,169.954486,437.0338128,1161.965329,2370.941057,3298.025022,4730.349659
SJW,176.2825674,437.3529731,940.1432563,2602.049233,3607.174005,5029.682995
SJW,175.284,374.3811651,2314.895538,3278.469213,5023.298485,
SJW,,421.8435431,2059.154224,3223.028046,4444.589972,
SJW,,626.3273301,2112.884265,3276.240496,4346.698968,
SJW,,889.5599008,2354.782064,2819.413017,4225.313136,
SJW,,556.8374542,1674.568176,2555.04442,3673.650284,4800.074378
SJW,,532.8850431,1566.139062,2720.240282,4106.835562,
SJW,,699.4763283,1710.492189,2655.275113,3942.084939,4763.922631
